[
 {"name":"城关区,"id":"540102"","longitude":91.13,"latitude":29.65},                                        
 {"name":"林周县,"id":"540121"","longitude":91.25,"latitude":29.90},                                        
 {"name":"当雄县,"id":"540122"","longitude":91.10,"latitude":30.48},                                        
 {"name":"尼木县,"id":"540123"","longitude":90.15,"latitude":29.45},                                        
 {"name":"曲水县,"id":"540124"","longitude":90.73,"latitude":29.37},                                        
 {"name":"达孜县,"id":"540126"","longitude":91.35,"latitude":29.68},                                        
 {"name":"墨竹工卡县,"id":"540127"","longitude":91.73,"latitude":29.83}
]