[                                       
    {"name":"马龙县","id":"530321","longitude":103.58,"latitude":25.43},                                        
 {"name":"麒麟区","id":"530302","longitude":103.80,"latitude":25.50},                                        
 {"name":"陆良县","id":"530322","longitude":103.67,"latitude":25.03},                                        
 {"name":"师宗县","id":"530323","longitude":103.98,"latitude":24.83},                                        
 {"name":"罗平县","id":"530324","longitude":104.30,"latitude":24.88},                                        
 {"name":"富源县","id":"530325","longitude":104.25,"latitude":25.67},                                        
 {"name":"会泽县","id":"530326","longitude":103.30,"latitude":26.42},                                        
 {"name":"沾益县","id":"530328","longitude":103.82,"latitude":25.62},                                        
 {"name":"宣威市","id":"530381","longitude":104.10,"latitude":26.22}
]