[
 {"name":"那曲县,"id":"542421"","longitude":92.07,"latitude":31.48},                                        
 {"name":"嘉黎县,"id":"542422"","longitude":93.25,"latitude":30.65},                                        
 {"name":"比如县,"id":"542423"","longitude":93.68,"latitude":31.48},                                        
 {"name":"聂荣县,"id":"542424"","longitude":92.30,"latitude":32.12},                                        
 {"name":"安多县,"id":"542425"","longitude":91.68,"latitude":32.27},                                        
 {"name":"申扎县,"id":"542426"","longitude":88.70,"latitude":30.93},                                        
 {"name":"索县,"id":"542427"","longitude":93.78,"latitude":31.88},                                          
 {"name":"班戈县,"id":"542428"","longitude":90.02,"latitude":31.37},                                        
 {"name":"巴青县,"id":"542429"","longitude":94.03,"latitude":31.93},                                        
 {"name":"尼玛县,"id":"542430"","longitude":87.23,"latitude":31.78}
]