﻿[
	                                                            
{"name":"砚山县","id":"532622","longitude":104.33,"latitude":23.62},                                        
{"name":"西畴县","id":"532623","longitude":104.67,"latitude":23.45},                                      
{"name":"麻栗坡县","id":"532624","longitude":104.70,"latitude":23.12},                                    
{"name":"马关县","id":"532625","longitude":104.40,"latitude":23.02},                                    
{"name":"丘北县","id":"532626","longitude":104.18,"latitude":24.05},                                      
{"name":"广南县","id":"532627","longitude":105.07,"latitude":24.05},                                     
{"name":"富宁县","id":"532628","longitude":105.62,"latitude":23.63}        
 
]