[
 {"name":"南木林县,"id":"542322"","longitude":89.10,"latitude":29.68},                                      
 {"name":"江孜县,"id":"542323"","longitude":89.60,"latitude":28.92},                                        
 {"name":"定日县,"id":"542324"","longitude":87.12,"latitude":28.67},                                        
 {"name":"萨迦县,"id":"542325"","longitude":88.02,"latitude":28.90},                                        
 {"name":"拉孜县,"id":"542326"","longitude":87.63,"latitude":29.08},                                        
 {"name":"昂仁县,"id":"542327"","longitude":87.23,"latitude":29.30},                                        
 {"name":"谢通门县,"id":"542328"","longitude":88.27,"latitude":29.43},                                      
 {"name":"白朗县,"id":"542329"","longitude":89.27,"latitude":29.12},                                        
 {"name":"仁布县,"id":"542330"","longitude":89.83,"latitude":29.23},                                        
 {"name":"康马县,"id":"542331"","longitude":89.68,"latitude":28.57},                                        
 {"name":"定结县,"id":"542332"","longitude":87.77,"latitude":28.37},                                        
 {"name":"仲巴县,"id":"542333"","longitude":84.03,"latitude":29.77},                                        
 {"name":"亚东县,"id":"542334"","longitude":88.90,"latitude":27.48},                                        
 {"name":"吉隆县,"id":"542335"","longitude":85.30,"latitude":28.85},                                        
 {"name":"聂拉木县,"id":"542336"","longitude":85.98,"latitude":28.17},                                      
 {"name":"萨嘎县,"id":"542337"","longitude":85.23,"latitude":29.33},                                        
 {"name":"岗巴县,"id":"542338"","longitude":88.52,"latitude":28.28}
]