[
 {"name":"普兰县,"id":"542521"","longitude":81.17,"latitude":30.30},                                        
 {"name":"札达县,"id":"542522"","longitude":79.80,"latitude":31.48},                                        
 {"name":"噶尔县,"id":"542523"","longitude":80.10,"latitude":32.50},                                        
 {"name":"日土县,"id":"542524"","longitude":79.72,"latitude":33.38},                                        
 {"name":"革吉县,"id":"542525"","longitude":81.12,"latitude":32.40},                                        
 {"name":"改则县,"id":"542526"","longitude":84.07,"latitude":32.30},                                        
 {"name":"措勤县,"id":"542527"","longitude":85.17,"latitude":31.02} 
]