[
 {"name":"工布江达县,"id":"542622"","longitude":93.25,"latitude":29.88},                                    
 {"name":"米林县,"id":"542623"","longitude":94.22,"latitude":29.22},                                        
 {"name":"墨脱县,"id":"542624"","longitude":95.33,"latitude":29.33},                                        
 {"name":"波密县,"id":"542625"","longitude":95.77,"latitude":29.87},                                        
 {"name":"察隅县,"id":"542626"","longitude":97.47,"latitude":28.67},                                        
 {"name":"朗县,"id":"542627"","longitude":93.07,"latitude":29.05}, 
]