[
 {"name":"江达县,"id":"542122"","longitude":98.22,"latitude":31.50},                                        
 {"name":"贡觉县,"id":"542123"","longitude":98.27,"latitude":30.87},                                        
 {"name":"类乌齐县,"id":"542124"","longitude":96.60,"latitude":31.22},                                      
 {"name":"丁青县,"id":"542125"","longitude":95.60,"latitude":31.42},                                        
 {"name":"察雅县,"id":"542126"","longitude":97.57,"latitude":30.65},                                        
 {"name":"八宿县,"id":"542127"","longitude":96.92,"latitude":30.05},                                        
 {"name":"左贡县,"id":"542128"","longitude":97.85,"latitude":29.67},                                        
 {"name":"芒康县,"id":"542129"","longitude":98.60,"latitude":29.68},                                        
 {"name":"洛隆县,"id":"542132"","longitude":95.83,"latitude":30.75},                                        
 {"name":"边坝县,"id":"542133"","longitude":94.70,"latitude":30.93}
]