[
	{"name":"那曲地区","id":"542400","longitude":88.1982,"latitude":33.3215},
	{"name":"阿里地区","id":"542500","longitude":82.3645,"latitude":32.7667},
	{"name":"日喀则地区","id":"542300","longitude":86.2427,"latitude":29.5093},
	{"name":"林芝地区","id":"542600","longitude":95.4602,"latitude":29.1138},
	{"name":"昌都地区","id":"542100","longitude":97.0203,"latitude":30.7068},
	{"name":"山南地区","id":"542200","longitude":92.2083,"latitude":28.3392},
	{"name":"拉萨市","id":"540100","longitude":91.1865,"latitude":30.1465},
]




