[
{"name":"昭阳区","id":"530602","longitude":103.72,"latitude":27.33},
{"name":"鲁甸县","id":"530621","longitude":103.55,"latitude":27.20},
{"name":"巧家县","id":"530622","longitude":102.92,"latitude":26.92},
{"name":"盐津县","id":"530623","longitude":104.23,"latitude":28.12},
{"name":"大关县","id":"530624","longitude":103.88,"latitude":27.75},
{"name":"永善县","id":"530625","longitude":103.63,"latitude":28.23},
{"name":"绥江县","id":"530626","longitude":103.95,"latitude":28.60},
{"name":"镇雄县","id":"530627","longitude":104.87,"latitude":27.45},
{"name":"彝良县","id":"530628","longitude":104.05,"latitude":27.63},
{"name":"威信县","id":"530629","longitude":105.05,"latitude":27.85},
{"name":"水富县","id":"530630","longitude":104.40,"latitude":28.63}
]