[
{"name":"临翔区","id":"530902","longitude":100.08,"latitude":23.88},
{"name":"凤庆县","id":"530921","longitude":99.92,"latitude":24.60},
{"name":"云县","id":"530922","longitude":100.13,"latitude":24.45},
{"name":"永德县","id":"530923","longitude":99.25,"latitude":24.03},
{"name":"镇康县","id":"530924","longitude":98.83,"latitude":23.78},
{"name":"耿马傣族佤族自治县","id":"530926","longitude":99.40,"latitude":23.55},
{"name":"沧源佤族自治县","id":"530927","longitude":99.25,"latitude":23.15}
]