[
{"name":"江川县","id":"530421","longitude":102.75,"latitude":24.28},
{"name":"澄江县","id":"530422","longitude":102.92,"latitude":24.67},
{"name":"通海县","id":"530423","longitude":102.75,"latitude":24.12},
{"name":"华宁县","id":"530424","longitude":102.93,"latitude":24.20},
{"name":"易门县","id":"530425","longitude":102.17,"latitude":24.67},
{"name":"峨山彝族自治县","id":"530426","longitude":102.40,"latitude":24.18},
{"name":"新平彝族傣族自治县","id":"530427","longitude":101.98,"latitude":24.07}
]