[
	
{"name":"上海市","id":"31","longitude":121.43,"latitude":31.20},
{"name":"云南省","id":"53","longitude":101.74,"latitude":25.07},
{"name":"内蒙古自治区","id":"15","longitude":114.44,"latitude":42.72},
{"name":"北京市","id":"11","longitude":116.41,"latitude":40.00},
{"name":"吉林省","id":"22","longitude":125.98,"latitude":43.44},
{"name":"四川省","id":"51","longitude":104.02,"latitude":30.14},
{"name":"天津市","id":"12","longitude":117.31,"latitude":39.19},
{"name":"宁夏回族自治区","id":"64","longitude":106.19,"latitude":37.61},
{"name":"安徽省","id":"34","longitude":117.38,"latitude":31.87},
{"name":"山东省","id":"37","longitude":118.08,"latitude":36.33},
{"name":"山西省","id":"14","longitude":112.41,"latitude":37.40},
{"name":"广东省","id":"44","longitude":113.57,"latitude":23.14},
{"name":"广西壮族自治区","id":"45","longitude":108.86,"latitude":23.67},
{"name":"新疆维吾尔自治区","id":"65","longitude":83.71,"latitude":42.56},
{"name":"江苏省","id":"32","longitude":119.43,"latitude":32.72},
{"name":"江西省","id":"36","longitude":115.76,"latitude":27.80},
{"name":"河北省","id":"13","longitude":115.82,"latitude":38.67},
{"name":"河南省","id":"41","longitude":113.76,"latitude":34.30},
{"name":"浙江省","id":"33","longitude":120.45,"latitude":29.38},
{"name":"海南省","id":"46","longitude":109.90,"latitude":19.34},
{"name":"湖北省","id":"42","longitude":112.86,"latitude":30.80},
{"name":"湖南省","id":"43","longitude":111.90,"latitude":27.63},
{"name":"甘肃省","id":"62","longitude":103.74,"latitude":36.13},
{"name":"福建省","id":"35","longitude":118.27,"latitude":25.74},
{"name":"西藏自治区","id":"54","longitude":90.78,"latitude":30.01},
{"name":"贵州省","id":"52","longitude":107.02,"latitude":26.81},
{"name":"辽宁省","id":"21","longitude":122.66,"latitude":41.17},
{"name":"重庆市","id":"50","longitude":107.38,"latitude":29.91},
{"name":"陕西省","id":"61","longitude":108.85,"latitude":34.76},
{"name":"青海省","id":"63","longitude":100.13,"latitude":35.66},
{"name":"黑龙江省","id":"23","longitude":128.37,"latitude":46.82}

]