﻿[
	                                                            
{"name":"大理市","id":"532901","longitude":100.23,"latitude":25.60},                                        
{"name":"漾濞彝族自治县","id":"532922","longitude":99.95,"latitude":25.67},                                 
{"name":"祥云县","id":"532923","longitude":100.55,"latitude":25.48},                                      
{"name":"宾川县","id":"532924","longitude":100.58,"latitude":25.83},                                    
{"name":"弥渡县","id":"532925","longitude":100.48,"latitude":25.35},                                      
{"name":"南涧彝族自治县","id":"532926","longitude":100.52,"latitude":25.05},                              
{"name":"巍山彝族回族自治县","id":"532927","longitude":100.30,"latitude":25.23},                          
{"name":"永平县","id":"532928","longitude":99.53,"latitude":25.47},                                    
{"name":"云龙县","id":"532929","longitude":99.37,"latitude":25.88},                                      
{"name":"洱源县","id":"532930","longitude":99.95,"latitude":26.12},                                  
{"name":"剑川县","id":"532931","longitude":99.90,"latitude":26.53},                                      
{"name":"鹤庆县","id":"532932","longitude":100.18,"latitude":26.57} 
 
]