﻿[
	                                                          |
{"name":"泸水县","id":"533321","longitude":98.85,"latitude":25.85},                                       
{"name":"福贡县","id":"533323","longitude":98.87,"latitude":26.90},                                         
{"name":"贡山独龙族怒族自治县","id":"533324","longitude":98.67,"latitude":27.73},                          
{"name":"兰坪白族普米族自治县","id":"533325","longitude":99.42,"latitude":26.45}
 
]